<?xml version="1.0" encoding="utf-8"?>
<odoo>
    <data noupdate="1">

        <record id="product_woo_shipping_fees_ept" model="product.product">
            <field name="name">Shipping Fees</field>
            <field name="categ_id" ref="product.product_category_all"/>
            <field name="standard_price">0</field>
            <field name="list_price">0</field>
            <field name="type">service</field>
            <field name="description">Shipping Fees</field>
            <field name="default_code">woo_shipping_fees</field>
        </record>

        <record id="product_woo_discount_ept" model="product.product">
            <field name="name">Discount</field>
            <field name="categ_id" ref="product.product_category_all"/>
            <field name="standard_price">0</field>
            <field name="list_price">0</field>
            <field name="type">service</field>
            <field name="description">Discount</field>
            <field name="default_code">woo_discount</field>
        </record>

    </data>
</odoo>
